"","ISO_SUB","ZONE_CODE","COUNT","AREA","SUM","year","id","province_name","population","pop_growth","num_farm","industrial_prod","housing","gini","income","Order","new_projects","newly_reg_capitals","adjusted_new_projects","adjusted_newly_reg_capitals","Number.of.times.of.capital.contribution.to.buy.shares","Value.of.capital.contribution..share.purchase..million.USD."
"1","HN",1,25635,0.00021743513571,3203835,2018,1,"Ha Noi","7914.5","2.23",3075,106.9,9374,0.387,6054,168,622,"5,041.05",167,"775.13","803","1,703.13"
"2","03",2,120439,0.001021559208495,24263083,2018,2,"Ha Giang","846.5","1.54",50,112.8,624,0.44,1725,225,2,"0.44",0,"0","2","0.2"
"3","04",3,39633,0.000336165661541,4783431,2018,4,"Cao Bang","528.7","0.43",2,126.3,576,0.487,1856,NA,0,"0",0,"0",NA,NA
"4","53",4,192775,0.001635110524146,31062235,2018,6,"Bac Kan","312","0.7",1,113.8,385,0.432,1945,226,0,"0",0,"0","1","0.06"
"5","07",5,563115,0.00477632090678,105745159,2018,8,"Tuyen Quang","778.3","1.02",354,108.2,805,0.367,2262,211,1,"21.37",1,"3.63","5","1.59"
"6","02",6,66418,0.000563355055338,12409282,2018,10,"Lao Cai","720.8","1.73",295,114.4,1046,0.436,2324,223,0,"0",0,"0","2","0.84"
"7","71",7,513665,0.004356887809029,62950135,2018,11,"Dien Bien","590.5","1.92",19,110.6,487,0.47,1477,NA,0,"0",0,"0",NA,NA
"8","01",8,112223,0.000951871395934,16972058,2018,12,"Lai Chau","453.4","2",8,107.1,489,0.432,1493,NA,0,"0",0,"0",NA,NA
"9","05",9,199719,0.001694009279066,22621567,2018,14,"Son La","1233.1","1.62",337,103,1219,0.44,1483,222,0,"0",1,"0.9","2","1.2"
"10","06",10,547511,0.004643968347482,118028569,2018,15,"Yen Bai","814.6","0.9",32,104.3,930,0.433,2290,218,1,"1",0,"0","9","7.24"
"11","14",11,501996,0.004257911776316,77307940,2018,17,"Hoa Binh","850.4","0.65",187,103.6,805,0.385,2295,196,2,"200.09",2,"12","8","3.07"
"12","69",12,492720,0.004179233082388,76232970,2018,19,"Thai Nguyen","1273.6","1.39",783,112.1,1691,0.395,4015,183,14,"387.09",16,"33.88","22","24.51"
"13","09",13,393112,0.003334361656689,53754052,2018,20,"Lang Son","775.9","0.93",6,106.5,975,0.38,2047,215,1,"0.9",1,"10","6","3"
"14","13",14,964937,0.008184560466025,124828423,2018,22,"Quang Ninh","1303.9","1.46",358,108.7,1691,0.397,4777,186,7,"385.74",0,"0","12","12.41"
"15","54",15,612330,0.005193760743096,83121002,2018,24,"Bac Giang","1777.5","2.34",652,129.7,3460,0.358,3450,179,67,"183.78",36,"318.89","44","40.32"
"16","68",16,539181,0.004573313591076,87757473,2018,25,"Phu Tho","1449.6","1.34",304,108.3,2059,0.372,2892,199,13,"96.12",10,"60.33","14","8.89"
"17","70",17,37788,0.000320516438783,5863911,2018,26,"Vinh Phuc","1138.4","1.36",961,114.5,1665,0.351,3699,188,59,"268.45",5,"87.2","61","29.54"
"18","56",18,97,8.22750465e-07,15703,2018,27,"Bac Ninh","1337.3","3.05",143,107.4,2701,0.365,5446,175,173,"394.69",116,"677.55","156","51.75"
"19","61",19,9708,8.2342902183e-05,1531198,2018,30,"Hai Duong","1877.7","1.46",845,110,2634,0.336,3693,178,44,"235.98",28,"299.18","50","61.85"
"20","HP",20,1071,9.084182966e-06,197352,2018,31,"Hai Phong","2016.4","0.75",718,125.3,2392,0.372,5116,170,111,"723.84",50,"1,829.64","57","540.01"
"21","20",22,199,1.687910747e-06,2840,2018,34,"Thai Binh","1854.1","0.43",926,115.1,2751,0.323,3547,205,6,"31.31",7,"10.24","10","14.52"
"22","63",23,1517,1.2867138712e-05,407344,2018,35,"Ha Nam","847.1","0.88",739,113,1094,0.342,3608,184,42,"329.87",32,"91.67","21","15.21"
"23","18",25,14582,0.000123683992546,2431986,2018,37,"Ninh Binh","974.7","0.96",162,131.1,1343,0.393,3778,197,12,"115.08",6,"51.55","8","40.56"
"24","21",26,796135,0.006752788054162,117826232,2018,38,"Thanh Hoa","3631.3","0.77",966,134.2,5757,0.37,3015,191,16,"52.42",2,"14.3","21","297.96"
"25","22",27,1892790,0.01605457579561,307364554,2018,40,"Nghe An","3291.4","1.38",503,116.6,4420,0.404,2543,212,5,"24.68",0,"0","3","1"
"26","23",28,1279064,0.010848974231391,194022645,2018,42,"Ha Tinh","1280.5","0.49",238,188.5,1697,0.389,2844,202,8,"98.26",0,"0","13","34.5"
"27","24",29,2108693,0.017885857172835,321446980,2018,44,"Quang Binh","891.1","0.61",698,107.2,1221,0.404,2666,209,2,"13.07",2,"18.5","3","0.13"
"28","25",30,1796319,0.01523631228958,285726830,2018,45,"Quang Tri","629.7","0.7",57,109.2,664,0.379,2543,224,0,"0",0,"0","1","0.71"
"29","26",31,1194758,0.010133893811998,182408356,2018,46,"Thua Thien-Hue","1125.4","0.19",71,108,685,0.36,3084,174,8,"27.69",5,"1,140.00","16","104.69"
"30","DN",32,256278,0.002173740655724,42518811,2018,48,"Da Nang","1114.4","1.51",19,106.6,689,0.368,5506,193,102,"267.96",9,"1.1","180","42.74"
"31","27",33,3160235,0.026804998092466,525733458,2018,49,"Quang Nam","1490.8","0.5",139,102.5,421,0.345,2906,182,29,"322.86",5,"107.98","24","31.1"
"32","29",34,2726986,0.023130195864605,438926500,2018,51,"Quang Ngai","1230.5","0.13",66,108.5,1402,0.368,2900,190,14,"356.34",1,"10","1","0.05"
"33","31",35,1654854,0.014036411315396,287416902,2018,52,"Binh Dinh","1487.8","0",142,108.7,1421,0.357,3024,200,9,"142.02",2,"0.31","11","14.91"
"34","32",36,878454,0.007451014811974,139336894,2018,54,"Phu Yen","871.5","0.17",176,109,758,0.372,2837,214,5,"13.85",1,"0.17","3","1.62"
"35","34",37,954179,0.00809331150211,121707609,2018,56,"Khanh Hoa","1224.5","0.67",157,107,937,0.355,3455,203,7,"8.2",5,"4.65","43","78.05"
"36","36",38,68064,0.000577316367348,6684196,2018,58,"Ninh Thuan","588.9","0.6",62,109.7,688,0.417,2631,185,8,"387.53",0,"0","5","14.12"
"37","40",39,475483,0.004033029476605,75096935,2018,60,"Binh Thuan","1227.3","0.56",483,120.5,1089,0.315,3445,213,0,"0",1,"0.41","7","18.71"
"38","28",40,1234509,0.010471060345238,149638501,2018,62,"Kon Tum","532.4","2.37",78,114.2,673,0.438,2007,216,1,"2",1,"9","",""
"39","30",41,1850146,0.015692870941807,246547805,2018,64,"Gia Lai","1495.7","1.82",612,113.1,903,0.446,2586,NA,0,"0",0,"0",NA,NA
"40","33",42,1751802,0.014858720718041,193714552,2018,66,"Dak Lak","1861.5","0.61",780,101,1796,0.421,2748,210,2,"2.02",1,"2.47","2","25.01"
"41","72",43,953316,0.008085991567563,114028582,2018,67,"Dak Nong","615.4","1.74",1211,109,563,0.441,3030,206,1,"48.75",0,"0","",""
"42","35",44,888976,0.007540262032491,68506809,2018,68,"Lam Dong","1291.4","0.79",964,107.2,1695,0.417,3641,217,2,"5.4",2,"0.37","34","4.65"
"43","58",45,1102586,0.009352094267287,183259580,2018,70,"Binh Phuoc","984.9","1.26",829,112.3,990,0.384,3604,180,29,"348.65",20,"96.98","32","35.05"
"44","37",46,402560,0.003414499248348,74687903,2018,72,"Tay Ninh","1160.7","0.83",658,115.8,2128,0.37,4258,176,30,"453.32",27,"317.53","43","65.97"
"45","57",47,798370,0.006771745242706,137189037,2018,74,"Binh Duong","2345.2","5.3",846,108.4,1356,0.374,6823,171,215,"1,216.58",135,"548.37","492","562.2"
"46","39",48,1102794,0.009353858515706,186985407,2018,75,"Dong Nai - HCM city","11898.3","1.955",3432,216.7,7621,0.34,5738.5,NA,1154,"1773.8",275,"233.93","3921","5396.48"
"47","43",49,235167,0.001994677923133,35316873,2018,77,"Ba Ria - Vung Tau","1138.3","0.98",302,99.4,637,0.439,4881,172,45,"1,803.51",25,"148.43","60","162.74"
"48","41",50,153099,0.001298580138173,31445752,2018,80,"Long An","1678.9","1",1077,116.5,1336,0.38,4215,177,86,"275.1",88,"220.07","166","193.11"
"49","46",51,95642,0.000811231958243,20210888,2018,82,"Tien Giang","1759.1","0.41",528,112.1,1640,0.369,3984,195,10,"103.16",14,"106.18","9","37.62"
"50","50",52,9225,7.8246113787e-05,1594305,2018,83,"Ben Tre","1286","0.27",506,113.8,906,0.406,3409,187,4,"382.81",5,"-4.31","12","16.46"
"51","51",53,7970,6.7601249526e-05,1599304,2018,84,"Tra Vinh","1008.8","0.07",109,114.3,1517,0.413,2869,201,2,"150.16",0,"0","5","0.67"
"52","49",54,2866,2.4309307546e-05,604178,2018,86,"Vinh Long","1022.7","0.01",113,109.6,1444,0.379,3089,198,11,"159",5,"11.04","2","0.72"
"53","45",55,22297,0.000189122341366,3274446,2018,87,"Dong Thap","1606.1","-0.4",447,107.2,1479,0.401,3500,219,1,"1",0,"0","4","6.35"
"54","44",56,8368,7.0977071021e-05,1231900,2018,89,"An Giang","1931","-1.18",1016,108.9,1717,0.391,3560,221,2,"0.32",0,"0","4","1.89"
"55","47",57,121968,0.001034528130769,20490786,2018,91,"Kien Giang","1718.1","0.31",993,108,2113,0.403,3779,192,4,"353.59",1,"-0.22","2","0.52"
"56","CT",58,392,3.324929713e-06,100731,2018,92,"Can Tho","1227.7","0.44",36,107.8,1218,0.391,4371,208,6,"4.74",1,"30.61","14","2.1"
"57","73",59,16001,0.00013571989883,3254578,2018,93,"Hau Giang","734.9","-0.32",21,111.2,941,0.389,3548,220,1,"2.9",1,"3","",""
"58","52",60,40250,0.000341399033053,7732839,2018,94,"Soc Trang","1208.8","-0.78",495,106.8,1204,0.426,3653,204,3,"89.76",0,"0","",""
"59","55",61,4638,3.9339346964e-05,861040,2018,95,"Bac Lieu","903","0.58",519,112.3,1037,0.339,2699,189,1,"365.76",1,"1.96","1","0.35"
"60","59",62,383716,0.003254665127134,81961393,2018,96,"Ca Mau","1195.6","-0.12",97,108.2,1738,0.384,2986,207,2,"37.14",0,"0","1","0.51"
"61","HN",1,29599,0.000251057639239,5608585,2019,1,"Ha Noi","8093.9","2.27",3227,108.5,10422,0.305,6403,227,879,"1,382.06",196,"600.04","1,351","6,472.60"
"62","03",2,208549,0.001768905017249,42315583,2019,2,"Ha Giang","858.1","1.37",51,107.4,651,0.441,1832,283,0,"0",0,"0","1","0.5"
"63","04",3,74992,0.000636079410851,18510579,2019,4,"Cao Bang","530.9","0.42",2,108.5,517,0.488,1975,286,0,"0",0,"0","2","0.07"
"64","53",4,295293,0.002504664463788,62225984,2019,6,"Bac Kan","314.4","0.74",3,118,426,0.46,2071,277,1,"4.32",0,"0","1","0.06"
"65","07",5,927361,0.007865842203516,170827131,2019,8,"Tuyen Quang","786.3","1.02",404,107,776,0.32,2437,273,6,"13.9",0,"0","4","2.7"
"66","02",6,178876,0.001517219712707,32046653,2019,10,"Lao Cai","733.3","1.74",294,118.8,1121,0.416,2540,281,1,"0.87",0,"0","2","0.08"
"67","71",7,2366980,0.020076638093339,281366121,2019,11,"Dien Bien","601.7","1.89",15,98.4,532,0.457,1583,280,0,"0",0,"0","1","1.22"
"68","01",8,656336,0.005567018031259,80450147,2019,12,"Lai Chau","462.6","2.04",8,89.8,520,0.433,1594,287,0,"0",0,"0","1","0.05"
"69","05",9,906436,0.007688357116146,158553568,2019,14,"Son La","1252.7","1.59",398,73.1,1265,0.451,1605,284,0,"0",0,"0","2","0.38"
"70","06",10,799279,0.006779455347576,182026716,2019,15,"Yen Bai","823","1.04",34,110.9,888,0.454,2458,275,3,"4.43",1,"1.11","7","1.76"
"71","14",11,844102,0.007159642399963,144002296,2019,17,"Hoa Binh","855.8","0.63",196,86.6,882,0.355,2494,288,3,"17.66",6,"-20.5","7","1.8"
"72","69",12,751909,0.006377664734017,144927027,2019,19,"Thai Nguyen","1290.9","1.37",783,111.1,2015,0.294,4279,239,18,"361.84",19,"223.89","19","20.56"
"73","09",13,680569,0.005772561454066,161285172,2019,20,"Lang Son","782.8","0.9",7,109.5,964,0.369,2250,279,0,"0",0,"0","4","1.39"
"74","13",14,1406537,0.011930195571526,340301917,2019,22,"Quang Ninh","1324.8","1.61",370,113.5,1667,0.274,5198,249,16,"171",1,"13.5","27","57.61"
"75","54",15,893482,0.007578481760265,179915158,2019,24,"Bac Giang","1810.4","1.85",652,130.1,3565,0.313,3773,234,76,"787.73",35,"287.59","54","26.74"
"76","68",16,881068,0.007473186664705,172453840,2019,25,"Phu Tho","1466.4","1.16",335,112,2342,0.311,3182,246,33,"142.13",12,"190.31","15","16"
"77","70",17,53773,0.000456100626196,9881190,2019,26,"Vinh Phuc","1154.8","1.45",1136,111.1,1781,0.291,4086,240,60,"527.75",5,"8.3","69","45.03"
"78","56",18,924,7.837334324e-06,194536,2019,27,"Bac Ninh","1378.6","3.08",154,88.6,2293,0.295,5714,231,247,"833.87",162,"663.35","263","85.38"
"79","61",19,25003,0.000212074534744,6079297,2019,30,"Hai Duong","1896.9","1.02",832,110.2,2955,0.277,4091,238,67,"463.7",16,"153.34","84","66.92"
"80","HP",20,930,7.888226105e-06,273574,2019,31,"Hai Phong","2033.3","0.83",731,124.3,2411,0.277,5576,232,87,"595.13",55,"686.48","109","101.93"
"81","66",21,35,2.96868724e-07,690,2019,33,"Hung Yen","1255.8","1.08",861,111.6,1987,0.287,4183,242,44,"468.85",44,"-53.32","69","44.66"
"82","20",22,21,1.78121235e-07,2994,2019,34,"Thai Binh","1862.2","0.43",984,115.9,2909,0.286,3866,265,7,"28.54",5,"28.27","13","9.52"
"83","63",23,5229,4.4352187425e-05,933184,2019,35,"Ha Nam","854.5","0.87",739,112.8,1235,0.307,3928,236,61,"720.38",44,"108.43","30","14.35"
"84","18",25,23713,0.000201132801759,4402660,2019,37,"Ninh Binh","984.5","1.01",162,126.5,1489,0.284,3997,255,7,"120.01",3,"23.04","10","4.92"
"85","21",26,1367253,0.011596990115266,228785837,2019,38,"Thanh Hoa","3645.8","0.4",998,115.8,6180,0.331,3277,245,25,"311.03",4,"24.07","22","14.9"
"86","22",27,3226171,0.02736426484137,515558856,2019,40,"Nghe An","3337.2","1.39",526,113.2,4901,0.367,2794,248,11,"312.58",0,"0","10","2.47"
"87","23",28,1466272,0.012436865664432,233432141,2019,42,"Ha Tinh","1290.3","0.76",238,125.5,1707,0.332,3123,269,7,"14.31",0,"0","22","18.33"
"88","24",29,1856986,0.015750887572518,237076563,2019,44,"Quang Binh","896.6","0.61",698,107.4,1315,0.402,2928,282,0,"0",0,"0","5","0.78"
"89","25",30,2047686,0.017368398022289,295240549,2019,45,"Quang Tri","633.4","0.59",64,109.8,717,0.384,2762,272,1,"20",0,"0","",""
"90","26",31,1785044,0.015140678150507,279808814,2019,46,"Thua Thien-Hue","1129.5","0.36",78,108.5,663,0.296,3423,247,12,"293.41",5,"27.3","19","2.56"
"91","DN",32,282149,0.002393177534832,45855666,2019,48,"Da Nang","1141.1","2.4",19,104.3,673,0.312,6057,241,131,"386.38",14,"3.2","263","124.69"
"92","27",33,4171996,0.035386718019949,605738392,2019,49,"Quang Nam","1497.5","0.45",139,104.1,438,0.349,3192,252,26,"158.42",10,"-9.25","34","31.52"
"93","29",34,3595273,0.030494974553124,509174603,2019,51,"Quang Ngai","1231.9","0.11",65,113.3,1517,0.349,3084,256,4,"49.5",5,"63.4","2","21.87"
"94","31",35,2349888,0.019931664372272,388962144,2019,52,"Binh Dinh","1487.8","0",150,108.4,1450,0.344,3355,261,6,"80.56",3,"-14.49","14","24.58"
"95","32",36,1707146,0.014479950153568,305908494,2019,54,"Phu Yen","873.2","0.19",178,111.6,1040,0.379,3080,250,1,"216.75",1,"-0.25","2","0.06"
"96","34",37,843645,0.007155766142619,154896883,2019,56,"Khanh Hoa","1232.8","0.68",193,107.2,992,0.324,3797,251,8,"109.71",1,"0.6","128","89.17"
"97","36",38,97378,0.000825956646973,21275182,2019,58,"Ninh Thuan","591","0.37",60,143.6,623,0.334,2834,257,3,"114.63",0,"0","10","15.55"
"98","40",39,503077,0.004267080778918,87760526,2019,60,"Binh Thuan","1232.3","0.41",488,133,1071,0.236,3718,253,8,"155.85",2,"2.1","28","22.22"
"99","28",40,1627066,0.013800714512154,172005575,2019,62,"Kon Tum","543.4","2.08",78,116.4,725,0.428,2147,276,1,"0.78",0,"0","2","4.85"
"100","30",41,1934040,0.016404456792217,242619005,2019,64,"Gia Lai","1520.2","1.64",513,92.5,1016,0.465,2755,NA,0,"0",0,"0",NA,NA
"101","33",42,1950664,0.016545460954341,296229150,2019,66,"Dak Lak","1872.6","0.59",786,102.6,1448,0.397,2997,278,0,"0",0,"0","2","2.56"
"102","72",43,1485547,0.012600355511938,215381705,2019,67,"Dak Nong","625.8","1.69",1216,104.3,563,0.382,3234,285,0,"0",0,"0","1","0.14"
"103","35",44,1881459,0.015958466666578,445369280,2019,68,"Lam Dong","1299.3","0.61",925,104.9,1876,0.353,3929,270,3,"9.06",3,"1.37","69","14.06"
"104","58",45,1736156,0.014726011916273,254689806,2019,70,"Binh Phuoc","997.8","1.31",822,111.9,976,0.318,3881,243,41,"296.56",25,"105.3","41","47.12"
"105","37",46,640205,0.005430195477168,119007500,2019,72,"Tay Ninh","1171.7","0.95",544,116,2135,0.294,4549,233,35,"860.2",34,"329.29","39","63.99"
"106","57",47,860393,0.007297822068223,160038414,2019,74,"Binh Duong","2456.3","4.74",862,109,1308,0.285,7433,229,243,"1,546.59",150,"951.39","626","914.83"
"107","39",48,1528682,0.012966225009845,245752787,2019,75,"Dong Nai - HCM city","12152.3","2.065",3601,215.6,9434,0.257,6309,NA,1441,"3138.05",372,"695.88","5995","6604.88"
"108","43",49,218523,0.001853504121738,32824447,2019,77,"Ba Ria - Vung Tau","1152.2","1.22",302,102.1,852,0.399,5310,235,49,"621.27",26,"397.14","45","66.95"
"109","41",50,165711,0.001405554662517,28538387,2019,80,"Long An","1695.1","0.97",1099,115.1,1356,0.318,4544,237,146,"290.91",99,"246.91","203","259.94"
"110","46",51,84925,0.000720330754834,12294283,2019,82,"Tien Giang","1766.3","0.41",530,111.1,1751,0.308,4296,244,4,"349.77",8,"37.5","10","8.06"
"111","50",52,17726,0.00015035128596,3312699,2019,83,"Ben Tre","1289.1","0.24",530,109.6,975,0.367,3685,268,3,"16.5",2,"4","10","39.24"
"112","51",53,9331,7.9145201924e-05,1477289,2019,84,"Tra Vinh","1009.3","0.05",100,127.7,1408,0.352,3138,260,4,"99.47",0,"0","7","11.02"
"113","49",54,8665,7.3496214196e-05,1667906,2019,86,"Vinh Long","1022.6","-0.01",114,115,1462,0.352,3329,254,18,"131.57",3,"6.7","9","12.22"
"114","45",55,14599,0.000123828185927,2521571,2019,87,"Dong Thap","1598.8","-0.46",447,108.3,1465,0.292,3777,274,2,"11.51",0,"0","4","1.52"
"115","44",56,5338,4.5276721452e-05,816311,2019,89,"An Giang","1907.4","-1.22",1016,109.9,1446,0.336,3841,266,2,"57.92",1,"1.6","9","5.86"
"116","47",57,141190,0.001197568434207,19425311,2019,91,"Kien Giang","1723.7","0.32",993,111.4,2002,0.392,4079,271,5,"8.94",1,"8.67","20","3.06"
"117","CT",58,803,6.811016734e-06,163706,2019,92,"Can Tho","1236","0.67",36,107.7,1312,0.348,4713,264,7,"42.73",3,"0.24","18","25.82"
"118","73",59,22804,0.000193422696888,3692856,2019,93,"Hau Giang","732.2","-0.37",20,110.2,991,0.377,3871,263,2,"69.7",0,"0","3","1.34"
"119","52",60,39895,0.000338387935992,6132381,2019,94,"Soc Trang","1199.5","-0.77",495,107.9,1198,0.327,3898,259,5,"112.05",0,"0","2","0.28"
"120","55",61,4032,3.419927705e-05,593273,2019,95,"Bac Lieu","908.2","0.58",519,112.4,1244,0.331,2965,258,2,"113.47",0,"0","2","0.68"
"121","59",62,543608,0.00461086324373,107366059,2019,96,"Ca Mau","1194.3","-0.11",96,106.1,1723,0.355,3214,262,2,"79.5",0,"0","2","0.71"
"122","HN",1,26910,0.000228249639241,5809574,2020,1,"Ha Noi","8093.9","1.89",1942,104.7,10171,0.341,6205,291,496,"711.81",158,"1,261.91","751","1,611.82"
"123","03",2,274742,0.002330351630787,65857065,2020,2,"Ha Giang","858.1","1.42",32,90.9,691,0.428,1835,NA,0,"0",0,"0",NA,NA
"124","04",3,199110,0.001688843763262,42205681,2020,4,"Cao Bang","530.9","0.42",NA,105.7,469,0.501,2185,345,0,"0",0,"0","1","0.08"
"125","53",4,613780,0.00520605959025,149239882,2020,6,"Bac Kan","314.4","0.66",NA,104.8,364,0.425,2192,NA,0,"0",0,"0",NA,NA
"126","07",5,998130,0.008466102282277,219745979,2020,8,"Tuyen Quang","786.3","0.84",358,110,770,0.371,2681,334,1,"12",0,"0","4","2.3"
"127","02",6,149504,0.001268087479196,32506241,2020,10,"Lao Cai","733.3","1.78",119,113,954,0.449,2427,337,1,"2.26",0,"0","1","5.4"
"128","71",7,1553972,0.013180733868128,163798494,2020,11,"Dien Bien","601.7","1.96",6,103.2,568,0.452,1737,344,0,"0",0,"0","1","0.12"
"129","01",8,471055,0.003995471341988,61812043,2020,12,"Lai Chau","462.6","1.55",14,129,545,0.455,1905,NA,0,"0",0,"0",NA,NA
"130","05",9,814115,0.006905293758865,70411739,2020,14,"Son La","1252.7","1.43",235,113.6,1321,0.469,1745,341,0,"0",0,"0","1","0.88"
"131","06",10,900878,0.007641214362712,233959775,2020,15,"Yen Bai","823","1.04",17,108.1,897,0.468,2522,336,1,"2.02",1,"0.68","10","5.58"
"132","14",11,711705,0.006036655871288,129200510,2020,17,"Hoa Binh","855.8","0.63",188,100.7,910,0.392,2707,328,2,"3.58",3,"8.86","9","11.84"
"133","69",12,1050292,0.008908538465188,225405724,2020,19,"Thai Nguyen","1290.9","1.31",761,104.2,1997,0.33,3806,306,20,"373.92",12,"24.3","16","2.54"
"134","09",13,1344151,0.011401039793239,284662018,2020,20,"Lang Son","782.8","0.75",9,101.7,1001,0.382,2297,NA,0,"0",0,"0",NA,NA
"135","13",14,2039441,0.017298464232785,367193170,2020,22,"Quang Ninh","1324.8","0.96",149,108.9,1543,0.309,4539,304,16,"465.99",2,"14.88","16","24.79"
"136","54",15,857983,0.007277380536058,159289424,2020,24,"Bac Giang","1810.4","1.72",463,119.8,3631,0.314,3930,297,35,"395.3",55,"432.49","39","66.9"
"137","68",16,681399,0.005779601483816,142584589,2020,25,"Phu Tho","1466.4","1.06",261,102.7,2464,0.331,3331,309,19,"221.55",17,"59.64","10","9.56"
"138","70",17,43001,0.000364732914791,8835486,2020,26,"Vinh Phuc","1154.8","1.42",726,99.4,1895,0.286,4290,302,28,"497.5",13,"20.49","32","22.72"
"139","56",18,788,6.683787281e-06,110255,2020,27,"Bac Ninh","1378.6","2.94",91,103.9,2255,0.288,5439,296,153,"429.97",99,"381.87","162","89.35"
"140","61",19,25433,0.000215721779072,4593923,2020,30,"Hai Duong","1896.9","1.05",625,102.4,2920,0.271,4388,303,32,"164.42",46,"322.8","42","33.06"
"141","HP",20,1314,1.114530011e-05,225445,2020,31,"Hai Phong","2033.3","1",492,114.6,2509,0.268,5199,294,79,"1,064.13",28,"376.67","72","69.76"
"142","66",21,40,3.39278542e-07,12118,2020,33,"Hung Yen","1255.8","1.06",751,107.2,2089,0.282,4043,305,22,"241.74",34,"203.03","40","43.01"
"143","20",22,3,2.5445891e-08,654,2020,34,"Thai Binh","1862.2","0.43",590,96,2949,0.256,4209,321,11,"82.81",1,"0.3","9","7.78"
"144","63",23,3621,3.0713190029e-05,622167,2020,35,"Ha Nam","854.5","0.86",619,105.5,1346,0.329,4029,299,33,"574.26",33,"145.26","28","10.24"
"145","18",25,29584,0.000250930409785,5778242,2020,37,"Ninh Binh","984.5","0.95",115,105.6,1553,0.285,3904,318,7,"29.61",2,"42","5","44.13"
"146","21",26,1321282,0.011207065768719,228056780,2020,38,"Thanh Hoa","3645.8","0.53",871,112.8,6434,0.317,3510,308,14,"240.3",7,"100.95","22","8.29"
"147","22",27,2265730,0.019217839283484,360918386,2020,40,"Nghe An","3337.2","0.84",397,108.7,5190,0.348,3004,313,10,"164.7",0,"0","6","4.75"
"148","23",28,870528,0.007383786768844,134072013,2020,42,"Ha Tinh","1290.3","0.49",195,95.5,1587,0.391,3230,332,2,"10.28",0,"0","8","5.29"
"149","24",29,832126,0.007058062404439,127892308,2020,44,"Quang Binh","896.6","0.6",293,104.6,1361,0.409,3150,310,3,"295.11",1,"-10.97","2","0.12"
"150","25",30,1221638,0.010361888992332,160925829,2020,45,"Quang Tri","633.4","0.6",62,104.7,585,0.425,2853,329,0,"0",1,"10.1","5","10.07"
"151","26",31,769374,0.00652580222749,89881059,2020,46,"Thua Thien-Hue","1129.5","0.37",33,103,654,0.32,3212,326,6,"18.42",0,"0","23","23.77"
"152","DN",32,132057,0.001120102661067,15294412,2020,48,"Da Nang","1141.1","2.48",13,89.6,671,0.333,5284,312,83,"128.86",20,"80.06","105","8.63"
"153","27",33,2423087,0.020552535622471,286243838,2020,49,"Quang Nam","1497.5","0.51",122,92.1,487,0.324,3555,346,8,"34.1",10,"-97.56","15","27.36"
"154","29",34,1925398,0.016331155663182,219811785,2020,51,"Quang Ngai","1231.9","0.12",62,100.4,1095,0.385,3159,316,3,"64.03",7,"63.3","3","4.25"
"155","31",35,1494133,0.012673181651013,195164975,2020,52,"Binh Dinh","1487.8","0.01",114,105.3,1477,0.364,3441,324,4,"10.93",3,"4.85","15","29.21"
"156","32",36,1177290,0.009985730872634,161303056,2020,54,"Phu Yen","873.2","0.13",72,106.6,852,0.372,3224,342,1,"0.22",0,"0","3","0.2"
"157","34",37,602303,0.005108712094539,62156914,2020,56,"Khanh Hoa","1232.8","0.62",225,100.2,1062,0.331,3153,322,5,"30.26",2,"13.45","116","32.86"
"158","36",38,241517,0.002048538391701,19847664,2020,58,"Ninh Thuan","591","0.44",82,139.4,642,0.379,2918,347,0,"0",2,"-158.51","9","23.22"
"159","40",39,432304,0.003666786772302,46323959,2020,60,"Binh Thuan","1232.3","0.57",382,112.6,1078,0.259,3981,319,6,"77.77",3,"1.19","27","21.49"
"160","28",40,2312802,0.019617102271904,181157918,2020,62,"Kon Tum","543.4","2.24",53,111.3,781,0.372,2375,343,0,"0",0,"0","3","0.31"
"161","30",41,2483424,0.021064311857436,220610228,2020,64,"Gia Lai","1520.2","1.43",284,98.2,1066,0.426,2314,335,1,"7",1,"0.43","2","0.86"
"162","33",42,2746668,0.023297137871277,226465920,2020,66,"Dak Lak","1872.6","0.77",678,105.4,1501,0.41,2715,340,1,"4.05",0,"0","",""
"163","72",43,1685004,0.014292142516552,127164602,2020,67,"Dak Nong","625.8","1.93",234,107.3,599,0.388,2809,315,4,"149.62",0,"0","1","0.14"
"164","35",44,5470626,0.046401650350241,247079453,2020,68,"Lam Dong","1299.3","0.8",491,100.2,2043,0.354,3742,330,3,"10",0,"0","41","8.34"
"165","58",45,1670337,0.014167737557104,254418633,2020,70,"Binh Phuoc","997.8","1.33",487,111.7,957,0.357,4039,307,48,"322.38",18,"26.15","18","20.57"
"166","37",46,704589,0.005976298218636,130091291,2020,72,"Tay Ninh","1171.7","0.57",580,107.3,2362,0.33,4246,301,15,"388.16",29,"121.91","34","38"
"167","57",47,967324,0.008204806913029,159501381,2020,74,"Binh Duong","2456.3","5.06",759,106.1,1149,0.285,7034,293,133,"783.9",92,"317.64","395","782.12"
"168","39",48,1440094,0.012214824822512,197938414,2020,75,"Dong Nai - HCM city","12152.3","2.07",2626,199,10986,0.254,6079,NA,1019,"1042.72",288,"701.36","3782","3540.21"
"169","43",49,220355,0.001869043078969,28755699,2020,77,"Ba Ria - Vung Tau","1152.2","1.36",266,93.3,984,0.387,4610,292,31,"302.36",8,"1,489.66","37","381.78"
"170","41",50,94654,0.000802851778252,14120325,2020,80,"Long An","1695.1","1.09",631,108,1613,0.331,4232,298,113,"326.24",102,"305.11","132","178.94"
"171","46",51,33438,0.000283619897323,4910912,2020,82,"Tien Giang","1766.3","0.35",462,101.6,1548,0.33,4534,314,9,"108.19",11,"55.28","6","3.69"
"172","50",52,22951,0.000194669545531,3111988,2020,83,"Ben Tre","1289.1","0.26",216,104,1131,0.389,3544,300,8,"541.12",2,"5.62","7","21.96"
"173","51",53,8643,7.3309610998e-05,996278,2020,84,"Tra Vinh","1009.3","0.06",595,111.5,1203,0.417,3437,317,3,"2.79",4,"31.63","15","83.07"
"174","49",54,6409,5.4360904418e-05,1164034,2020,86,"Vinh Long","1022.6","0.03",96,97.5,1493,0.365,3201,311,6,"104.42",9,"52.52","1","82.84"
"175","45",55,8591,7.2868548893e-05,1211910,2020,87,"Dong Thap","1598.8","0.08",433,101.8,1275,0.249,3965,331,0,"0",1,"1.73","6","14.48"
"176","44",56,3124,2.6497654143e-05,538361,2020,89,"An Giang","1907.4","-0.15",878,103.3,1493,0.323,3338,338,1,"1.83",1,"1.5","1","2.36"
"177","47",57,102637,0.000870563293305,14225898,2020,91,"Kien Giang","1723.7","0.3",1036,104,2340,0.422,4369,333,1,"5",0,"0","19","9.32"
"178","CT",58,1168,9.906933431e-06,208314,2020,92,"Can Tho","1236","0.39",71,96.5,1298,0.438,5031,325,5,"31.72",1,"0.47","11","11.43"
"179","73",59,22491,0.000190767842296,3614167,2020,93,"Hau Giang","732.2","-0.33",38,108.1,910,0.359,3974,339,1,"5",0,"0","1","0.08"
"180","52",60,39458,0.000334681317919,5980820,2020,94,"Soc Trang","1199.5","-0.32",414,116.3,1105,0.343,3635,323,2,"70.39",5,"-18.76","1","0.52"
"181","55",61,5265,4.4657538112e-05,759044,2020,95,"Bac Lieu","908.2","0.58",343,104.1,1343,0.279,3338,290,1,"4,000.00",0,"0","",""
"182","59",62,504198,0.004276589060062,95426417,2020,96,"Ca Mau","1194.3","-0.03",212,104.3,1800,0.397,3034,327,1,"40.77",0,"0","1","0.04"
"183","HN",1,34036,0.000288692111528,6111796,2021,1,"Ha Noi","8330.8","1.02",1927,104.8,8081,0.359,6002,353,362,"237.55",146,"838.77","462","448.14"
"184","03",2,165658,0.001405105118449,30903736,2021,2,"Ha Giang","887.1","1.94",24,109.8,793,0.465,1933,NA,0,"0",0,"0",NA,NA
"185","04",3,239182,0.002028733006802,39371964,2021,4,"Cao Bang","542.2","1.71",NA,92.3,530,0.525,2273,400,0,"0",0,"0","1","0.86"
"186","53",4,542390,0.004600532212121,103461487,2021,6,"Bac Kan","323.7","2.29",NA,107.1,322,0.453,2125,NA,0,"0",0,"0",NA,NA
"187","07",5,975028,0.00827015196025,177286120,2021,8,"Tuyen Quang","801.7","1.11",373,111.9,892,0.348,2872,405,1,"2",1,"-15.07","1","0.37"
"188","02",6,88824,0.000753401930731,15949769,2021,10,"Lao Cai","761.9","2.08",144,101,996,0.446,2515,394,1,"3.93",0,"0","1","7.57"
"189","71",7,627811,0.005325070020878,69216463,2021,11,"Dien Bien","625.1","1.89",6,107.8,583,0.501,1821,NA,0,"0",0,"0",NA,NA
"190","01",8,134435,0.001140272770399,14187503,2021,12,"Lai Chau","478.4","1.83",11,101.6,469,0.496,2050,401,0,"0",0,"0","2","0.55"
"191","05",9,290392,0.002463094360409,42703105,2021,14,"Son La","1287.7","1.35",250,93.6,1353,0.474,1834,NA,0,"0",0,"0",NA,NA
"192","06",10,541055,0.004589208790776,121335467,2021,15,"Yen Bai","842.7","1.33",21,108.1,952,0.408,2540,382,7,"48.5",0,"0","7","6.77"
"193","14",11,606725,0.005146219337376,104573243,2021,17,"Hoa Binh","871.7","1.22",184,94.3,910,0.36,2644,404,0,"0",0,"0","2","0.12"
"194","69",12,1168954,0.009915025224447,221618863,2021,19,"Thai Nguyen","1323.2","1.17",753,107.7,1817,0.349,3814,369,15,"111.34",15,"104.63","8","4.33"
"195","09",13,1602445,0.013591880087488,252182445,2021,20,"Lang Son","796.9","1.04",10,105.3,1116,0.401,2471,397,0,"0",0,"0","1","6"
"196","13",14,1332161,0.011299341050225,171962219,2021,22,"Quang Ninh","1350.8","0.99",141,113.5,1363,0.277,3992,357,10,"1,011.55",4,"113.95","11","31.17"
"197","54",15,707858,0.006004025757495,104102998,2021,24,"Bac Giang","1875.2","1.83",427,112.2,3155,0.31,3966,356,21,"621.84",45,"652.71","40","39.6"
"198","68",16,823347,0.006983599246397,158758764,2021,25,"Phu Tho","1507.5","1.73",290,109.3,2650,0.366,3589,361,15,"434.24",16,"133.55","7","9.6"
"199","70",17,37239,0.000315859840792,6257186,2021,26,"Vinh Phuc","1191.8","1.75",665,111.4,2006,0.307,4511,359,27,"703.14",8,"33.21","13","7.68"
"200","56",18,318,2.69726441e-06,45177,2021,27,"Bac Ninh","1462.9","3.09",104,109.3,2355,0.31,4917,352,126,"1,170.51",96,"320.56","113","171.71"
"201","61",19,15680,0.000132997188529,3043361,2021,30,"Hai Duong","1936.8","1.04",695,112.6,2853,0.322,4304,366,17,"110.25",43,"195.05","50","26.31"
"202","HP",20,1005,8.524373372e-06,136897,2021,31,"Hai Phong","2072.4","0.92",527,118.7,2643,0.286,5093,348,48,"317.08",65,"2,727.59","35","2,217.58"
"203","66",21,43,3.64724433e-07,13057,2021,33,"Hung Yen","1284.6","1.22",782,108.7,2248,0.285,4192,360,28,"393.8",38,"272.59","34","45.74"
"204","63",23,3072,2.6056592038e-05,532304,2021,35,"Ha Nam","875.2","1.55",438,112.6,1418,0.319,4372,368,20,"237.25",28,"68.64","3","1.99"
"205","18",25,25761,0.000218503863118,4475982,2021,37,"Ninh Binh","1007.6","1.37",125,105.6,1688,0.313,4282,373,7,"83.76",2,"22","11","51.08"
"206","21",26,975561,0.008274672846824,156494723,2021,38,"Thanh Hoa","3716.4","1.4",900,118.1,6240,0.258,3652,370,11,"137.44",8,"42.43","7","12.96"
"207","22",27,1670639,0.014170299110097,271418022,2021,40,"Nghe An","3409.8","1.33",400,116.9,5583,0.362,3095,367,9,"283.18",6,"34.67","3","0.66"
"208","23",28,660780,0.005604711877294,100430395,2021,42,"Ha Tinh","1314.1","1.34",206,112.7,1700,0.367,2981,393,0,"0",0,"0","13","11.75"
"209","24",29,410426,0.003481218373665,54324840,2021,44,"Quang Binh","910.7","0.96",319,104.1,1502,0.365,3338,381,1,"54.6",0,"0","3","1.48"
"210","25",30,633154,0.005370389152148,80928469,2021,45,"Quang Tri","647.8","1.63",79,108.7,568,0.412,3026,379,2,"91.76",0,"0","2","11.03"
"211","26",31,890790,0.007555648314378,101202373,2021,46,"Thua Thien-Hue","1153.8","1.78",42,106.1,730,0.372,3525,371,3,"165.56",2,"16.3","11","1.62"
"212","DN",32,84209,0.000714257668929,9215534,2021,48,"Da Nang","1195.5","2.22",13,97.7,609,0.329,5230,372,40,"150",19,"10.61","51","11.73"
"213","27",33,1956224,0.016592620671702,251584280,2021,49,"Quang Nam","1518.5","0.89",129,102.3,482,0.326,3653,386,7,"15.21",6,"13.09","40","11.66"
"214","29",34,1346035,0.011417019812575,163249401,2021,51,"Quang Ngai","1244.1","0.87",59,108.2,1165,0.363,3219,385,2,"24.95",2,"17.06"," -   "," -   "
"215","31",35,1054873,0.008947394340229,129904147,2021,52,"Binh Dinh","1508.3","1.37",110,105.8,1378,0.375,3469,378,4,"80.34",3,"12.4","12","21.15"
"216","32",36,748620,0.006349767555888,105997961,2021,54,"Phu Yen","875.5","0.14",70,105.3,717,0.409,3296,399,1,"1.11",0,"0","",""
"217","34",37,262731,0.002228474766538,34829733,2021,56,"Khanh Hoa","1248.1","0.61",243,95.6,1012,0.374,3236,387,1,"6.75",5,"25.14","63","5.89"
"218","36",38,27176,0.000230505841547,3718395,2021,58,"Ninh Thuan","596","0.41",95,124.7,573,0.383,2855,380,1,"4",0,"0","12","74.76"
"219","40",39,209090,0.001773493759532,31706014,2021,60,"Binh Thuan","1246.3","0.57",413,99.8,1026,0.203,4077,389,2,"12.35",0,"0","10","2.1"
"220","28",40,854946,0.007251620812744,81816850,2021,62,"Kon Tum","568.8","2.36",54,113.1,802,0.336,2517,375,1,"152.87",0,"0","1","0.53"
"221","30",41,1289750,0.010939612493931,130994343,2021,64,"Gia Lai","1569.7","1.81",230,119.2,1169,0.455,2329,398,0,"0",1,"1.2","1","0.41"
"222","33",42,1195150,0.010137218741711,118574145,2021,66,"Dak Lak","1909","1.17",898,126.7,1638,0.405,2811,363,8,"454.88",0,"0","2","0.22"
"223","72",43,719057,0.006099015267337,63385139,2021,67,"Dak Nong","664.4","4.16",254,110.7,566,0.414,2745,395,1,"7.65",0,"0","",""
"224","35",44,656603,0.005569282715528,56980041,2021,68,"Lam Dong","1321.9","0.92",512,110.6,2044,0.378,3718,390,1,"2",2,"3.37","31","7.22"
"225","58",45,1351018,0.011459285436965,205719758,2021,70,"Binh Phuoc","1024.3","1.31",496,117.2,957,0.321,4002,364,49,"327.52",32,"109.37","13","13.48"
"226","37",46,576110,0.004886544023166,90110847,2021,72,"Tay Ninh","1181.9","0.3",574,101.5,2123,0.326,4036,358,16,"247.9",26,"573.89","8","1.69"
"227","57",47,622355,0.005278792427727,103938572,2021,74,"Binh Duong","2596.8","0.63",804,103,1073,0.256,7123,351,75,"629.56",26,"669.52","202","834.05"
"228","39",48,685221,0.00581201954852,95123304,2021,75,"Dong Nai - HCM city","12335.9","-0.46",2245,189.3,4306,0.3,5879.5,NA,684,"982.07",227,"1591.25","2376","2524.48"
"229","43",49,95703,0.00081174935802,13703674,2021,77,"Ba Ria - Vung Tau","1176.1","0.7",271,95.5,685,0.388,4419,365,21,"345.08",10,"10.42","23","42.66"
"230","41",50,31201,0.000264645744852,4760762,2021,80,"Long An","1725.8","0.71",581,96.8,1552,0.321,3725,349,54,"3,518.84",65,"255.24","43","68.89"
"231","46",51,19140,0.000162344782426,3302690,2021,82,"Tien Giang","1779.4","0.39",543,97.2,1264,0.315,3932,377,2,"2.06",4,"134.4","3","1.47"
"232","50",52,10259,8.7016464102e-05,1593743,2021,83,"Ben Tre","1295.7","0.26",143,94.8,1113,0.375,3367,406,3,"63.13",5,"-91.76","6","12.53"
"233","51",53,4147,3.5174702859e-05,564677,2021,84,"Tra Vinh","1018.6","0.86",673,88.1,1103,0.432,3290,391,1,"0.25",2,"8.71","4","3.09"
"234","49",54,4953,4.2011165484e-05,971012,2021,86,"Vinh Long","1029","0.59",102,93.3,1332,0.352,3173,383,6,"13.74",6,"33.69","3","2.88"
"235","45",55,3067,2.601418222e-05,310762,2021,87,"Dong Thap","1601.3","0.08",453,91.5,1235,0.281,4199,384,4,"42.76",0,"0","4","4.95"
"236","44",56,2645,2.2434793601e-05,270753,2021,89,"An Giang","1909.5","0.26",857,103.1,1146,0.356,3406,392,1,"11",0,"0","3","0.94"
"237","47",57,73325,0.000621939977606,13520956,2021,91,"Kien Giang","1752.3","1.36",1068,101.1,1842,0.41,3986,396,0,"0",0,"0","22","6.39"
"238","CT",58,963,8.168130903e-06,119949,2021,92,"Can Tho","1247","0.5",72,94.7,713,0.345,4794,355,5,"1,316.82",1,"9","7","1.46"
"239","73",59,14198,0.000120426918541,2209327,2021,93,"Hau Giang","729.9","0.01",52,104.8,953,0.34,3761,374,6,"145.54",2,"8","3","0.5"
"240","52",60,22093,0.000187392020801,3473927,2021,94,"Soc Trang","1206.8","0.93",431,99,1175,0.28,3246,402,0,"0",1,"0.5","",""
"241","55",61,3927,3.3308670877e-05,629007,2021,95,"Bac Lieu","918.5","0.55",345,109.3,1492,0.234,3642,403,1,"0",0,"0","1","0.2"
"242","59",62,353673,0.002999841496078,63156019,2021,96,"Ca Mau","1208.8","1.24",236,100,1674,0.397,3239,388,1,"4.31",1,"0.88","2","30.15"
"243","HN",1,34425087,0.29195747758826,3688245,2022,1,"Ha Noi","8435.7","1.26",1972,108.8,NA,0.346,6423,412,365,"233.27",206,"842.53","387","630.03"
"244","03",2,82084922,0.696158205065657,11885161,2022,2,"Ha Giang","892.7","0.64",25,118.8,NA,0.467,2062,NA,0,"0",0,"0",NA,NA
"245","04",3,69424973,0.588789797356593,19094524,2022,4,"Cao Bang","543.1","0.15",NA,111.7,NA,0.493,2355,NA,0,"0",0,"0",NA,NA
"246","53",4,50242606,0.426105081890448,59093680,2022,6,"Bac Kan","324.4","0.2",NA,108.8,NA,0.458,2342,NA,0,"0",0,"0",NA,NA
"247","07",5,60589148,0.513853598083914,89428791,2022,8,"Tuyen Quang","805.8","0.51",335,109.2,NA,0.356,3142,452,0,"0",0,"0","4","0.86"
"248","02",6,65857044,0.558530366173339,5253403,2022,10,"Lao Cai","770.6","1.14",118,104.6,NA,0.44,2881,NA,0,"0",0,"0",NA,NA
"249","71",7,98019958,0.831302465291873,18920117,2022,11,"Dien Bien","635.9","1.73",3,122.1,NA,0.426,2080,NA,0,"0",0,"0",NA,NA
"250","01",8,93897732,0.796342068386885,5299436,2022,12,"Lai Chau","482.1","0.77",10,121.1,NA,0.432,2212,NA,0,"0",0,"0",NA,NA
"251","05",9,144759229,1.22769593455091,11932878,2022,14,"Son La","1300.1","0.96",257,121.2,NA,0.42,2141,NA,0,"0",0,"0",NA,NA
"252","06",10,70903988,0.601333251167332,33378835,2022,15,"Yen Bai","847.2","0.54",15,109,NA,0.39,2846,444,3,"6.61",0,"0","6","3.1"
"253","14",11,46735015,0.396357374331385,37631030,2022,17,"Hoa Binh","875.4","0.42",182,114.8,NA,0.345,3143,451,0,"0",0,"0","3","1.44"
"254","69",12,36206408,0.307064773785798,86917799,2022,19,"Thai Nguyen","1336","0.97",780,110.8,NA,0.352,4587,413,5,"323",11,"1,212.16","7","10.47"
"255","09",13,85626578,0.726194816222089,134554114,2022,20,"Lang Son","802.1","0.65",11,107.1,NA,0.364,2701,450,0,"0",0,"0","1","1.72"
"256","13",14,59343751,0.50329144709455,74364084,2022,22,"Quang Ninh","1362.9","0.89",161,106,NA,0.366,4811,409,9,"2,181.17",0,"0","6","186.99"
"257","54",15,39946275,0.338782402729933,37768306,2022,24,"Bac Giang","1890.9","0.84",523,132.9,NA,0.304,4297,415,36,"438.96",45,"678.16","30","97.5"
"258","68",16,36308345,0.307929296492535,53346644,2022,25,"Phu Tho","1516.9","0.62",282,111.4,NA,0.337,3911,420,8,"406.87",20,"288.59","3","5.21"
"259","70",17,12748264,0.108117402900659,2977135,2022,26,"Vinh Phuc","1197.6","0.49",735,115.5,NA,0.339,5194,426,28,"225.47",3,"18.44","4","0.61"
"260","56",18,8392031,0.071172404084338,31892,2022,27,"Bac Ninh","1488.3","1.73",96,104.3,NA,0.313,5470,410,147,"503.09",123,"1,685.63","60","55.19"
"261","61",19,17070947,0.144777865809399,1737960,2022,30,"Hai Duong","1946.8","0.52",713,111.3,NA,0.297,4936,423,17,"59.44",33,"306.01","21","5.16"
"262","HP",20,14237158,0.120744640026778,60481,2022,31,"Hai Phong","2088","0.75",607,114.4,NA,0.32,5897,411,91,"1,139.00",41,"792.74","26","31.48"
"263","66",21,9522260,0.08075782090368,0,2022,33,"Hung Yen","1290.9","0.49",778,110.4,NA,0.301,4747,419,21,"316.77",58,"387.35","19","41.99"
"264","20",22,16467864,0.139663148409952,0,2022,34,"Thai Binh","1878.5","0.25",615,114.8,NA,0.236,4749,424,8,"219.82",5,"86.29","2","1.75"
"265","63",23,8793970,0.074581229066664,229557,2022,35,"Ha Nam","878.1","0.32",435,114.1,NA,0.324,4745,422,19,"176.86",38,"350.59","3","0.76"
"266","67",24,16574732,0.140569490686296,246,2022,36,"Nam Dinh","1876.9","2.21",312,114.3,NA,0.287,5100,439,7,"43.02",4,"2.95","6","11.62"
"267","18",25,13944844,0.118265539302828,1858848,2022,37,"Ninh Binh","1010.8","0.31",177,104.1,NA,0.318,4893,438,5,"16.51",1,"2.02","5","48.84"
"268","21",26,113023517,0.958546914680966,71878581,2022,38,"Thanh Hoa","3722.1","0.15",925,115.6,NA,0.305,4309,434,7,"69.33",5,"27.4","4","0.78"
"269","22",27,166850374,1.41504985383763,117577861,2022,40,"Nghe An","3420","0.3",436,110.1,NA,0.367,3629,417,19,"490.51",2,"400","2","0.17"
"270","23",28,60323046,0.511596800048772,59351134,2022,42,"Ha Tinh","1317.3","0.74",204,83.6,NA,0.371,3486,425,1,"275",0,"0","2","1.13"
"271","24",29,79874350,0.677410452150836,39514412,2022,44,"Quang Binh","913.9","0.35",321,114.1,NA,0.367,3625,NA,0,"0",0,"0",NA,NA
"272","25",30,47334163,0.401438719188467,28965897,2022,45,"Quang Tri","650.9","0.49",90,118.3,NA,0.393,3382,455,0,"0",0,"0","3","0.47"
"273","26",31,48919425,0.414883248604951,23173235,2022,46,"Thua Thien-Hue","1160.2","0.56",42,107,NA,0.346,4281,429,6,"197.31",2,"0.02","2","0.17"
"274","DN",32,9708543,0.082337677907311,2679068,2022,48,"Da Nang","1220.2","2.07",16,106.8,NA,0.335,5807,432,47,"69.88",35,"5.79","49","58.33"
"275","27",33,105242071,0.892552852090819,44470901,2022,49,"Quang Nam","1519.4","0.06",124,119,NA,0.319,3825,437,5,"68.24",3,"1.7","19","9.3"
"276","29",34,51112397,0.43348173678137,30790912,2022,51,"Quang Ngai","1245.6","0.12",69,109.1,NA,0.355,3717,436,4,"73.42",2,"13.5","1","0"
"277","31",35,59552036,0.505057901983088,66317012,2022,52,"Binh Dinh","1504.3","-0.27",117,107,NA,0.374,3897,440,2,"4.32",2,"15.15","6","14.74"
"278","32",36,49366831,0.418677676988469,49705942,2022,54,"Phu Yen","876.6","0.12",74,113.2,NA,0.399,3475,449,0,"0",0,"0","2","1.83"
"279","34",37,46643850,0.395584208429311,7114694,2022,56,"Khanh Hoa","1254","0.47",274,122,NA,0.348,3729,445,1,"0.77",0,"0","55","7.92"
"280","36",38,32860231,0.278686010458813,798276,2022,58,"Ninh Thuan","598.7","0.44",97,109.3,NA,0.371,3040,435,1,"6",0,"0","12","81.56"
"281","40",39,77578965,0.657943404334982,8982512,2022,60,"Binh Thuan","1252.1","0.46",400,100.6,NA,0.252,4307,441,2,"16.06",1,"0.21","5","8.51"
"282","28",40,95451739,0.809521525678438,25278948,2022,62,"Kon Tum","579.9","1.96",68,122.4,NA,0.346,2927,454,0,"0",0,"0","3","0.57"
"283","30",41,152959511,1.2972421247532,68389637,2022,64,"Gia Lai","1591","1.35",232,112.8,NA,0.411,2567,458,0,"0",0,"0","1","0.11"
"284","33",42,127918766,1.08487279226231,40159953,2022,66,"Dak Lak","1918.4","0.49",928,117.4,NA,0.385,3238,443,2,"5.65",2,"3.94","2","1.24"
"285","72",43,63614798,0.539513987615099,22057176,2022,67,"Dak Nong","670.6","0.92",260,103.8,NA,0.411,3183,453,0,"0",1,"0.49","1","0.13"
"286","35",44,95505624,0.809978521725531,15552245,2022,68,"Lam Dong","1332.5","0.8",534,109.5,NA,0.356,4428,459,1,"0.04",3,"-9.38","17","3.02"
"287","58",45,67211331,0.570016007922061,147222275,2022,70,"Binh Phuoc","1034.7","1.01",505,120.7,NA,0.349,4592,427,33,"121.03",21,"93.19","4","11.67"
"288","37",46,39401520,0.334162362243075,69183793,2022,72,"Tay Ninh","1188.8","0.58",552,115.5,NA,0.339,4617,421,18,"537.8",19,"155.03","7","5.49"
"289","57",47,26302281,0.22306835754918,57571891,2022,74,"Binh Duong","2763.1","6.41",803,108.5,NA,0.378,8076,408,68,"1,909.08",26,"37.11","186","1,196.48"
"290","39",48,76876208,0.651983356621014,43028187,2022,75,"Dong Nai - HCM city","12645.5","2.585",2112,220.7,NA,0.309,6369,NA,944,"1086.26",282,"2194.26","2477","1911.98"
"291","43",49,19132468,0.162261524489919,15499749,2022,77,"Ba Ria - Vung Tau","1178.7","0.22",319,105.7,NA,0.37,4815,416,17,"282.13",7,"50.22","22","621.87"
"292","41",50,43739914,0.370956069373693,4411828,2022,80,"Long An","1734.3","0.49",551,109,NA,0.309,3865,418,61,"468.89",83,"315.15","58","62.34"
"293","46",51,23345171,0.197989252402662,1478458,2022,82,"Tien Giang","1785.2","0.33",490,113.7,NA,0.318,4118,428,9,"40.68",4,"181.05","1","0.04"
"294","50",52,22378649,0.189792226636146,743797,2022,83,"Ben Tre","1298","0.18",189,115.9,NA,0.353,3840,448,1,"1.08",1,"-0.45","3","2.23"
"295","51",53,21892328,0.185667762042688,189706,2022,84,"Tra Vinh","1019.3","0.06",694,75.9,NA,0.451,3711,447,1,"3",1,"0.03","",""
"296","49",54,14859935,0.126026381276117,330416,2022,86,"Vinh Long","1028.8","-0.02",103,125,NA,0.364,3502,431,4,"102.24",12,"53.59","1","0.13"
"297","45",55,32917951,0.279175530953166,283979,2022,87,"Dong Thap","1600.2","-0.07",414,113.6,NA,0.298,4547,NA,0,"0",0,"0",NA,NA
"298","44",56,34345636,0.291283657546735,172514,2022,89,"An Giang","1905.5","-0.21",836,111.1,NA,0.35,3646,442,2,"23",1,"1.5","2","0.14"
"299","47",57,61218921,0.519194672066768,5952376,2022,91,"Kien Giang","1751.8","-0.03",1025,117.9,NA,0.377,4287,446,1,"2",0,"0","11","2.67"
"300","CT",58,14021945,0.118919429109397,64413,2022,92,"Can Tho","1252.3","0.43",72,129.2,NA,0.334,5324,430,6,"174.23",2,"2.34","9","9.39"
"301","73",59,15780945,0.133837421998645,1352221,2022,93,"Hau Giang","729.5","-0.06",41,116.9,NA,0.344,4185,456,1,"0.01",0,"0","3","0.28"
"302","52",60,31657699,0.26848739543602,2110864,2022,94,"Soc Trang","1197.8","-0.75",431,105.1,NA,0.308,3651,433,2,"110.03",1,"1.8","1","4.54"
"303","55",61,24103949,0.204424411475157,385566,2022,95,"Bac Lieu","921.8","0.36",335,114.7,NA,0.337,4305,460,1,"18.35",1,"-79.3","",""
"304","59",62,49845781,0.422739628491769,31777580,2022,96,"Ca Mau","1207.6","-0.09",250,105.5,NA,0.367,3768,457,0,"0",0,"0","2","0.14"
"305","HN",1,18998,0.000161127355388,1474434,2023,1,"Ha Noi","8587.1","1.8",1966,103,NA,0.348,6869,NA,NA,NA,NA,NA,NA,NA
"306","03",2,122430,0.001038363097175,11952935,2023,2,"Ha Giang","899.9","0.8",23,82.7,NA,0.463,2252,NA,NA,NA,NA,NA,NA,NA
"307","04",3,522842,0.004434369341281,76131955,2023,4,"Cao Bang","547.9","0.88",NA,100.7,NA,0.491,2439,NA,NA,NA,NA,NA,NA,NA
"308","53",4,411899,0.003493430706225,29112126,2023,6,"Bac Kan","326.5","0.66",NA,111,NA,0.455,2519,NA,NA,NA,NA,NA,NA,NA
"309","07",5,540470,0.004583877343217,38556920,2023,8,"Tuyen Quang","812.2","0.8",320,103.1,NA,0.36,3398,NA,NA,NA,NA,NA,NA,NA
"310","02",6,2153254,0.018262349852519,456252144,2023,10,"Lao Cai","779.9","1.21",74,96.4,NA,0.446,3200,NA,NA,NA,NA,NA,NA,NA
"311","71",7,4096195,0.034740976287117,809387232,2023,11,"Dien Bien","646.2","1.61",3,98.2,NA,0.427,2182,NA,NA,NA,NA,NA,NA,NA
"312","01",8,5422412,0.045988993861615,1158619883,2023,12,"Lai Chau","489.3","1.49",21,78.9,NA,0.429,2324,NA,NA,NA,NA,NA,NA,NA
"313","05",9,2612168,0.022154527932866,514035781,2023,14,"Son La","1313.3","1.02",250,79.7,NA,0.42,2392,NA,NA,NA,NA,NA,NA,NA
"314","06",10,3209899,0.027224051843977,670608473,2023,15,"Yen Bai","855.5","0.98",14,106.7,NA,0.402,3155,NA,NA,NA,NA,NA,NA,NA
"315","14",11,253923,0.00215359203401,24915216,2023,17,"Hoa Binh","880.5","0.58",176,91,NA,0.345,3300,NA,NA,NA,NA,NA,NA,NA
"316","69",12,293931,0.002492911079929,22858940,2023,19,"Thai Nguyen","1350.3","1.07",782,104.9,NA,0.354,4908,NA,NA,NA,NA,NA,NA,NA
"317","09",13,1428805,0.012118095116056,159561450,2023,20,"Lang Son","807.3","0.65",12,106.4,NA,0.364,2884,NA,NA,NA,NA,NA,NA,NA
"318","13",14,314551,0.002667795071301,28123893,2023,22,"Quang Ninh","1381.2","1.34",169,109.6,NA,0.364,5295,NA,NA,NA,NA,NA,NA,NA
"319","54",15,180351,0.001529607309798,16155058,2023,24,"Bac Giang","1922.7","1.68",503,120,NA,0.318,4636,NA,NA,NA,NA,NA,NA,NA
"320","68",16,750448,0.006364759532374,125653145,2023,25,"Phu Tho","1530.8","0.92",270,118.3,NA,0.344,4330,NA,NA,NA,NA,NA,NA,NA
"321","70",17,17425,0.000147786302118,1369872,2023,26,"Vinh Phuc","1211.3","1.15",790,99.3,NA,0.341,5463,NA,NA,NA,NA,NA,NA,NA
"322","56",18,221,1.874362856e-06,12215,2023,27,"Bac Ninh","1517.4","1.96",94,88.7,NA,0.331,5279,NA,NA,NA,NA,NA,NA,NA
"323","61",19,47448,0.000402419768315,8723026,2023,30,"Hai Duong","1956.9","0.52",727,108.5,NA,0.3,5336,NA,NA,NA,NA,NA,NA,NA
"324","HP",20,2976,2.5240288959e-05,672656,2023,31,"Hai Phong","2105","0.81",645,112.6,NA,0.315,6392,NA,NA,NA,NA,NA,NA,NA
"325","66",21,112,9.49903348e-07,9459,2023,33,"Hung Yen","1301","0.79",789,106.2,NA,0.323,5290,NA,NA,NA,NA,NA,NA,NA
"326","20",22,30,2.54438397e-07,4800,2023,34,"Thai Binh","1882.3","0.2",620,111.3,NA,0.253,5266,NA,NA,NA,NA,NA,NA,NA
"327","63",23,3582,3.0379944573e-05,428306,2023,35,"Ha Nam","885.9","0.9",435,114.6,NA,0.332,5072,NA,NA,NA,NA,NA,NA,NA
"328","67",24,122,1.034716147e-06,18744,2023,36,"Nam Dinh","1887.1","0.55",295,115,NA,0.293,5502,NA,NA,NA,NA,NA,NA,NA
"329","18",25,11877,0.000100732161277,1592699,2023,37,"Ninh Binh","1017.1","0.63",214,100.1,NA,0.318,5333,NA,NA,NA,NA,NA,NA,NA
"330","21",26,568836,0.004824457328633,65470522,2023,38,"Thanh Hoa","3739.5","0.47",931,104.8,NA,0.314,4653,NA,NA,NA,NA,NA,NA,NA
"331","22",27,1359712,0.01153209804448,188546038,2023,40,"Nghe An","3442","0.64",417,106.6,NA,0.372,4050,NA,NA,NA,NA,NA,NA,NA
"332","23",28,285611,0.002422346831227,33239398,2023,42,"Ha Tinh","1323.7","0.49",213,107.3,NA,0.375,3811,NA,NA,NA,NA,NA,NA,NA
"333","24",29,377625,0.003202743319208,51263014,2023,44,"Quang Binh","918.7","0.53",311,107.2,NA,0.366,3871,NA,NA,NA,NA,NA,NA,NA
"334","25",30,303382,0.002573067656188,40304687,2023,45,"Quang Tri","654.2","0.5",94,109.7,NA,0.376,3582,NA,NA,NA,NA,NA,NA,NA
"335","26",31,701445,0.005949151373828,115907706,2023,46,"Thua Thien-Hue","1166.5","0.54",43,102.1,NA,0.341,4703,NA,NA,NA,NA,NA,NA,NA
"336","DN",32,24636,0.000208944811419,3793597,2023,48,"Da Nang","1245.2","2.05",16,97.5,NA,0.35,6224,NA,NA,NA,NA,NA,NA,NA
"337","27",33,949089,0.008049489451397,161013901,2023,49,"Quang Nam","1526.1","0.44",110,78.2,NA,0.333,3662,NA,NA,NA,NA,NA,NA,NA
"338","29",34,1046626,0.00887672804822,228456368,2023,51,"Quang Ngai","1248.1","0.2",90,104.1,NA,0.357,3922,NA,NA,NA,NA,NA,NA,NA
"339","31",35,10864614,0.092145832252292,2476809976,2023,52,"Binh Dinh","1506.3","0.14",119,103.3,NA,0.356,4364,NA,NA,NA,NA,NA,NA,NA
"340","32",36,1571018,0.013324243373334,340391592,2023,54,"Phu Yen","877.7","0.12",55,110.2,NA,0.396,3657,NA,NA,NA,NA,NA,NA,NA
"341","34",37,102464,0.000869025862852,9394564,2023,56,"Khanh Hoa","1260.6","0.53",289,114.3,NA,0.338,4025,NA,NA,NA,NA,NA,NA,NA
"342","36",38,16207,0.000137456103209,1443749,2023,58,"Ninh Thuan","601.2","0.42",117,113.3,NA,0.378,3326,NA,NA,NA,NA,NA,NA,NA
"343","40",39,227151,0.001926531208742,34986695,2023,60,"Binh Thuan","1258.8","0.54",396,101.2,NA,0.265,4571,NA,NA,NA,NA,NA,NA,NA
"344","28",40,10884888,0.092317781720822,2467252889,2023,62,"Kon Tum","591.3","1.96",76,108.8,NA,0.385,3210,NA,NA,NA,NA,NA,NA,NA
"345","30",41,16733984,0.141925602011865,3756974317,2023,64,"Gia Lai","1613.9","1.44",205,100.2,NA,0.414,2805,NA,NA,NA,NA,NA,NA,NA
"346","33",42,1801958,0.015282910151587,250574725,2023,66,"Dak Lak","1931.5","0.68",1244,110.4,NA,0.394,3486,NA,NA,NA,NA,NA,NA,NA
"347","72",43,454327,0.003853274449482,25661608,2023,67,"Dak Nong","681.9","1.7",284,104.7,NA,0.408,3388,NA,NA,NA,NA,NA,NA,NA
"348","35",44,915762,0.007766833836437,123192139,2023,68,"Lam Dong","1345","0.94",951,105.1,NA,0.348,4857,NA,NA,NA,NA,NA,NA,NA
"349","58",45,1597046,0.013544994126362,124860873,2023,70,"Binh Phuoc","1045.5","1.05",620,109.4,NA,0.35,4800,NA,NA,NA,NA,NA,NA,NA
"350","37",46,664239,0.005633596874167,100351350,2023,72,"Tay Ninh","1194.9","0.52",536,109,NA,0.339,4876,NA,NA,NA,NA,NA,NA,NA
"351","57",47,281891,0.002390796470029,25486469,2023,74,"Binh Duong","2823.4","2.18",795,105,NA,0.372,8298,NA,NA,NA,NA,NA,NA,NA
"352","39",48,436997,0.003706293868954,41973784,2023,75,"Dong Nai - HCM city","12767.6","1.2",1858,209.3,NA,0.31,6547.5,NA,NA,NA,NA,NA,NA,NA
"353","43",49,55890,0.000474018733163,5528420,2023,77,"Ba Ria - Vung Tau","1187.5","0.75",321,99.4,NA,0.367,5340,NA,NA,NA,NA,NA,NA,NA
"354","41",50,39175,0.000332254139768,6702421,2023,80,"Long An","1743.4","0.53",600,107.2,NA,0.32,4236,NA,NA,NA,NA,NA,NA,NA
"355","46",51,40949,0.000347299930297,6994389,2023,82,"Tien Giang","1790.7","0.3",545,105.4,NA,0.304,4601,NA,NA,NA,NA,NA,NA,NA
"356","50",52,123255,0.001045360153086,23929475,2023,83,"Ben Tre","1299.3","0.1",180,108.4,NA,0.281,4009,NA,NA,NA,NA,NA,NA,NA
"357","51",53,3039,2.5774609592e-05,221711,2023,84,"Tra Vinh","1019.9","0.06",744,128.7,NA,0.422,3859,NA,NA,NA,NA,NA,NA,NA
"358","49",54,2197,1.8633371923e-05,133058,2023,86,"Vinh Long","1029.6","0.08",110,91.7,NA,0.351,3757,NA,NA,NA,NA,NA,NA,NA
"359","45",55,1444,1.2246968164e-05,156341,2023,87,"Dong Thap","1600.2","0",419,105,NA,0.307,4906,NA,NA,NA,NA,NA,NA,NA
"360","44",56,1371,1.1627834732e-05,139010,2023,89,"An Giang","1906.3","0.04",888,108.4,NA,0.356,3897,NA,NA,NA,NA,NA,NA,NA
"361","47",57,36824,0.000312314650742,4065194,2023,91,"Kien Giang","1755.3","0.2",1062,113.3,NA,0.366,4723,NA,NA,NA,NA,NA,NA,NA
"362","CT",58,440,3.731763152e-06,33826,2023,92,"Can Tho","1258.9","0.52",78,99.7,NA,0.331,5579,NA,NA,NA,NA,NA,NA,NA
"363","73",59,11707,9.9290343695e-05,1156869,2023,93,"Hau Giang","728.3","-0.16",47,110.2,NA,0.339,4235,NA,NA,NA,NA,NA,NA,NA
"364","52",60,7075,6.0005055236e-05,601020,2023,94,"Soc Trang","1198.8","0.08",402,94,NA,0.332,3912,NA,NA,NA,NA,NA,NA,NA
"365","55",61,2233,1.8938697999e-05,209371,2023,95,"Bac Lieu","925.2","0.36",333,108.5,NA,0.346,4755,NA,NA,NA,NA,NA,NA,NA
"366","59",62,142593,0.001209371143637,18017727,2023,96,"Ca Mau","1207.4","-0.02",247,99.5,NA,0.375,4096,NA,NA,NA,NA,NA,NA,NA
